<?xml version="1.0" encoding="UTF-8"?>
<project-private xmlns="http://www.netbeans.org/ns/project-private/1">
    <editor-bookmarks xmlns="http://www.netbeans.org/ns/editor-bookmarks/2" lastBookmarkId="1">
        <file>
            <url>src/View/Customer/EditProfileView.java</url>
            <bookmark id="1">
                <name/>
                <line>141</line>
                <key/>
            </bookmark>
        </file>
    </editor-bookmarks>
    <open-files xmlns="http://www.netbeans.org/ns/projectui-open-files/2">
        <group>
            <file>file:/D:/Google%20Drive/Uni/Degree/OODJ/Projects/OODJ-master/src/View/DeliveryStaff/ManageOrderView.java</file>
            <file>file:/D:/Google%20Drive/Uni/Degree/OODJ/Projects/OODJ-master/src/View/User/LoginView.java</file>
            <file>file:/D:/Google%20Drive/Uni/Degree/OODJ/Projects/OODJ-master/src/View/Manager/ManageReportView.java</file>
            <file>file:/D:/Google%20Drive/Uni/Degree/OODJ/Projects/OODJ-master/src/View/DeliveryStaff/ManageItemView.java</file>
            <file>file:/D:/Google%20Drive/Uni/Degree/OODJ/Projects/OODJ-master/src/Model/OrderLoader.java</file>
        </group>
    </open-files>
</project-private>
